sgRNA,Target_Sequence,Cleavage_Efficiency
GCCAATCGATCGATCGATCG,GCCAATCGATCGATCGATCG,0.98
GCCAATCGATCGATCGATCG,GCCAATCGATCGATCGATGG,0.72
GCCAATCGATCGATCGATCG,GCCAATCGATCGATCGATCC,0.04
GCCAATCGATCGATCGATCG,ATTGCTAGCTAGCTAGCTAA,0.00
GCCAATCGATCGATCGATCG,GCCAATCGATCGATCGAACG,0.45
TTGCTAGCTAGCTAGCTAGC,TTGCTAGCTAGCTAGCTAGC,0.95
TTGCTAGCTAGCTAGCTAGC,TTGCTAGCTAGCTAGCTATC,0.11
TTGCTAGCTAGCTAGCTAGC,TTGCTAGCTAGCTAGCTAGG,0.89
TTGCTAGCTAGCTAGCTAGC,GGCTAGCTAGCTAGCTAGCA,0.01
GAGTCCGAGCAGAAGAAGAA,GAGTCCGAGCAGAAGAAGAA,0.97
GAGTCCGAGCAGAAGAAGAA,GAGTCCGAGCAGAAGAAGAG,0.52
GAGTCCGAGCAGAAGAAGAA,GAAATCCGATCAGAAGAAGG,0.02
CCATCGATCGATCGATCGAT,CCATCGATCGATCGATCGAT,0.94
CCATCGATCGATCGATCGAT,CCATCGATCGATCGATCGGG,0.61
CCATCGATCGATCGATCGAT,TTAGCTAGCTAGCTAGCTAA,0.00
GACCTTGCATTGTACCCGAG,GACCTTGCATTGTACCCGAG,0.99
GACCTTGCATTGTACCCGAG,GACCTTGCATTACCCGAT,0.84
GACCTTGCATTGTACCCGAG,GACCTTGCATTGTACCCGAA,0.21
